age,sex,bmi,children,smoker,region,expenses
63,male,35.1,0,yes,southeast,47055.53
24,male,29.3,0,no,southwest,1977.82
44,female,20.2,1,yes,northeast,19594.81
62,female,30.5,2,no,northwest,15019.76
32,female,23.7,1,no,southeast,17626.24
19,male,30.4,0,no,southwest,1256.3
38,male,38.4,3,yes,southeast,41949.24
63,male,41.3,3,no,northwest,15555.19
40,female,29.6,0,no,southwest,5910.94
23,female,23.2,2,no,northwest,14426.07
40,male,25.0,2,no,southeast,6593.51
49,male,30.3,0,no,southwest,8116.68
55,male,32.8,0,no,northwest,10601.63
34,male,27.0,2,no,southwest,11737.85
63,female,27.0,0,yes,northwest,28950.47
18,male,34.4,0,no,southeast,1137.47
43,male,20.1,2,yes,southeast,18767.74
54,female,27.6,1,no,northwest,11305.93
39,male,29.6,4,no,southwest,7512.27
26,male,27.3,3,no,northeast,4661.29
41,female,32.6,3,no,southwest,7954.52
29,female,21.9,0,yes,northeast,16115.3
48,female,27.9,4,no,northwest,11015.17
38,female,30.2,3,no,northwest,7537.16
44,female,43.9,2,yes,southeast,46200.99
23,male,50.4,1,no,southeast,2438.06
64,male,26.4,0,no,northeast,14394.56
43,female,34.6,1,no,northwest,7727.25
52,male,27.4,0,yes,northwest,24393.62
34,female,26.7,1,no,southeast,5002.78
40,male,19.8,1,yes,southeast,17179.52
33,female,33.5,0,yes,southwest,37079.37
21,female,34.6,0,no,southwest,2020.18
24,male,40.2,0,yes,southeast,38126.25
38,female,30.7,1,no,southeast,5976.83
56,female,39.8,0,no,southeast,11090.72
64,female,31.3,2,yes,southwest,47291.06
40,male,29.4,1,no,northwest,6393.6
36,male,33.4,2,yes,southwest,38415.47
33,male,22.7,0,no,northwest,21984.47
34,male,32.8,1,no,southwest,14358.36
52,male,47.7,1,no,southeast,9748.91
52,male,38.6,2,no,southwest,10325.21
52,male,36.7,0,no,southwest,9144.57
63,female,32.2,2,yes,southwest,47305.31
33,female,18.5,1,no,southwest,4766.02
45,male,21.4,0,no,northwest,7222.79
39,male,29.9,1,yes,northeast,22462.04
41,male,23.9,1,no,northeast,6858.48
58,male,36.1,0,no,southeast,11363.28
42,female,25.3,1,no,southwest,7045.5
23,female,28.5,1,yes,southeast,18328.24
62,male,26.7,0,yes,northeast,28101.33
27,female,36.1,0,yes,southeast,37133.9
18,female,31.4,4,no,northeast,4561.19
19,female,27.9,3,no,northwest,18838.7
54,female,46.7,2,no,southwest,11538.42
58,female,33.4,0,no,northwest,12231.61
41,female,31.6,0,no,southwest,6186.13
64,male,23.8,0,yes,southeast,26926.51
31,female,29.1,0,no,southwest,3761.29
37,female,47.6,2,yes,southwest,46113.51
36,female,19.9,0,no,northeast,5458.05
61,male,43.4,0,no,southwest,12574.05
42,female,36.2,1,no,northwest,7443.64
21,male,26.0,0,no,northeast,2102.26
38,female,19.5,2,no,northwest,6933.24
18,male,23.1,0,no,northeast,1704.7
62,male,38.8,0,no,southeast,12981.35
31,male,31.1,3,no,northwest,5425.02
20,male,31.1,2,no,southeast,2566.47
52,female,24.9,0,no,southeast,27117.99
43,male,23.2,0,no,southwest,6250.44
22,female,27.1,0,no,southwest,2154.36
18,male,21.5,0,no,northeast,1702.46
24,male,28.5,2,no,northwest,3537.7
53,female,32.3,2,no,northeast,29186.48
39,female,18.3,5,yes,southwest,19023.26
53,female,37.4,1,no,northwest,10959.69
54,male,24.0,0,no,northeast,10422.92
23,male,24.5,0,no,northeast,2396.1
64,male,38.2,0,no,northeast,14410.93
22,male,28.3,1,no,northwest,2639.04
54,female,32.3,1,no,northeast,11512.41
57,female,20.1,1,no,southwest,12032.33
37,male,22.7,3,no,northeast,6985.51
18,female,38.7,2,no,northeast,3393.36
61,female,25.1,0,no,southeast,24513.09
57,female,28.8,4,no,northeast,14394.4
20,female,30.6,0,no,northeast,2459.72
56,female,33.8,2,no,northwest,12643.38
47,female,24.3,0,no,northeast,8534.67
55,male,37.3,0,no,southwest,20630.28
58,male,38.0,0,no,southwest,11365.95
27,female,30.6,1,no,northeast,16796.41
26,male,30.9,2,no,northwest,3877.3
59,female,35.2,0,no,southeast,12244.53
21,female,32.7,2,no,northwest,26018.95
30,female,39.1,3,yes,southeast,40932.43
51,male,22.4,0,no,northeast,9361.33
33,male,42.4,5,no,southwest,6666.24
58,female,31.8,2,no,northeast,13607.37
25,female,22.5,1,no,northwest,3594.17
21,male,31.1,0,no,southwest,1526.31
57,male,27.9,1,no,southeast,11554.22
35,male,30.5,1,no,southwest,4751.07
50,male,31.8,0,yes,northeast,41097.16
37,female,27.7,3,no,northwest,7281.51
19,male,27.8,0,no,northwest,1635.73
19,male,34.4,0,no,southwest,1261.86
61,female,29.1,0,yes,northwest,29141.36
20,male,28.0,1,yes,northwest,17560.38
58,male,23.3,0,no,southwest,11345.52
31,female,23.6,2,no,southwest,4931.65
60,female,24.0,0,no,northwest,13012.21
53,female,33.3,0,no,northeast,10564.88
45,female,30.5,1,yes,northwest,39725.52
40,male,25.1,0,no,southeast,5415.66
41,female,21.8,1,no,northeast,13725.47
19,female,23.4,2,no,southwest,2913.57
49,male,25.8,2,yes,northwest,23807.24
18,male,33.8,1,no,southeast,1725.55
46,male,39.4,1,no,northeast,8342.91
53,male,36.1,1,no,southwest,10085.85
45,male,30.4,0,yes,southeast,62592.87
27,female,30.4,3,no,northwest,18804.75
31,female,21.8,0,no,northwest,4134.08
62,female,33.2,0,no,southwest,13462.52
29,female,25.6,4,no,southwest,5708.87
44,female,27.5,1,no,southwest,7626.99
20,male,30.1,5,no,northeast,4915.06
27,female,31.4,0,yes,southwest,34838.87
37,male,37.1,1,yes,southeast,39871.7
54,female,28.9,2,no,northeast,12096.65
51,male,25.4,0,no,southwest,8782.47
42,female,29.0,1,no,southwest,7050.64
54,male,25.5,1,no,northeast,25517.11
26,female,17.2,2,yes,northeast,14455.64
63,female,31.8,0,no,southwest,13880.95
43,male,32.6,2,no,southwest,7441.5
47,female,23.6,1,no,southwest,8539.67
23,male,41.9,0,no,southeast,1837.28
35,male,39.7,4,no,northeast,19496.72
35,male,27.7,2,yes,northeast,20984.09
38,male,19.3,0,yes,southwest,15820.7
29,male,29.0,1,no,northeast,4040.56
21,female,22.1,0,no,northeast,2585.85
53,male,34.1,0,yes,northeast,43254.42
52,female,44.7,3,no,southwest,11411.69
46,female,28.1,1,no,southeast,8233.1
42,male,30.0,0,yes,southwest,22144.03
63,male,36.8,0,no,northeast,13981.85
39,male,28.3,1,yes,southwest,21082.16
62,female,38.1,2,no,northeast,15230.32
54,female,21.5,3,no,northwest,12475.35
29,female,25.9,0,no,southwest,3353.28
41,male,34.2,2,no,northwest,7261.74
45,female,36.3,2,no,southeast,8527.53
24,female,27.6,0,no,southwest,18955.22
22,female,24.3,0,no,southwest,2150.47
28,female,25.9,1,no,northwest,4133.64
30,female,27.7,0,no,southwest,3554.2
41,male,40.3,0,no,southeast,5709.16
25,female,28.6,0,no,northeast,3213.62
56,female,41.9,0,no,southeast,11093.62
19,male,34.1,0,no,southwest,1261.44
60,male,28.6,0,no,northeast,30260.0
48,male,31.4,1,no,northeast,8964.06
19,female,36.6,0,no,northwest,2136.88
49,male,28.7,1,no,southwest,8703.46
56,male,39.6,0,no,southwest,10601.41
49,female,42.7,2,no,southeast,9800.89
40,female,28.1,1,yes,northeast,22331.57
62,female,39.2,0,no,southwest,13470.86
29,male,29.6,1,no,northeast,20277.81
38,female,40.6,1,no,northwest,6373.56
37,male,30.9,3,no,northwest,6796.86
54,male,34.2,2,yes,southeast,44260.75
29,female,27.9,1,yes,southeast,19107.78
29,female,31.2,0,no,northeast,3943.6
39,male,34.1,2,no,southeast,23563.02
51,female,21.6,1,no,southeast,9855.13
38,female,37.7,0,no,southeast,5397.62
23,female,42.8,1,yes,northeast,40904.2
30,female,22.9,1,no,northeast,4719.52
18,female,26.3,0,no,northeast,2198.19
20,male,29.7,0,no,northwest,1769.53
63,female,21.7,0,no,northeast,14449.85
52,male,30.2,1,no,southwest,9724.53
26,male,33.9,1,no,northwest,3292.53
37,male,30.8,0,no,southwest,4646.76
42,female,25.0,2,no,northwest,8017.06
45,female,38.3,0,no,northeast,7935.29
34,male,35.8,0,no,northwest,4320.41
32,female,37.1,3,no,northeast,6334.34
19,male,34.8,0,yes,southwest,34779.62
59,male,27.5,1,no,southwest,12333.83
18,male,43.0,0,no,southeast,1149.4
55,male,29.9,0,no,southwest,10214.64
30,male,38.8,1,no,southeast,18963.17
56,female,25.3,0,no,southwest,11070.54
57,female,29.8,0,yes,southeast,27533.91
25,female,30.3,0,no,southwest,2632.99
19,male,27.7,0,yes,southwest,16297.85
36,male,34.4,2,no,southeast,5584.31
57,male,23.7,0,no,southwest,10959.33
22,male,37.1,2,yes,southeast,37484.45
25,female,26.8,2,no,northwest,4189.11
34,female,19.0,3,no,northeast,6753.04
43,male,36.0,3,yes,southeast,42124.52
46,female,35.5,0,yes,northeast,42111.66
24,male,23.7,0,no,northwest,2352.97
42,male,36.0,2,no,southeast,7160.33
64,female,39.3,0,no,northeast,14901.52
26,female,29.9,1,no,southeast,3392.98
51,female,18.1,0,no,northwest,9644.25
20,female,31.5,0,no,southeast,1877.93
21,male,20.2,3,no,northeast,3861.21
21,male,22.3,1,no,southwest,2103.08
45,female,40.0,3,no,northeast,9704.67
32,male,33.8,1,no,northwest,4462.72
53,female,26.6,0,no,northwest,10355.64
43,female,29.9,1,no,southwest,7337.75
43,male,25.5,5,no,southeast,14478.33
43,female,24.7,2,yes,northwest,21880.82
50,male,27.5,1,no,northeast,9617.66
19,female,22.5,0,no,northwest,2117.34
50,female,27.6,1,yes,southwest,24520.26
44,male,27.4,2,no,southwest,7726.85
33,female,42.9,3,no,northwest,6360.99
51,male,33.3,3,no,southeast,10560.49
38,male,28.0,1,no,northeast,6067.13
33,female,39.8,1,no,southeast,4795.66
54,male,30.2,0,no,northwest,10231.5
25,male,23.9,5,no,southwest,5080.1
54,female,47.4,0,yes,southeast,63770.43
43,male,35.0,1,yes,northeast,41034.22
64,male,39.2,1,no,southeast,14418.28
22,male,31.7,0,no,northeast,2254.8
24,female,30.1,3,no,southwest,4234.93
54,female,35.8,3,no,northwest,12495.29
34,female,29.3,3,no,southeast,6184.3
58,male,49.1,0,no,southeast,11381.33
27,male,26.0,0,no,northeast,3070.81
26,female,42.4,1,no,southwest,3410.32
45,female,25.2,2,no,northeast,9095.07
55,male,33.0,0,no,southeast,20781.49
55,female,32.8,2,no,northwest,12268.63
43,male,27.8,0,yes,southwest,37829.72
61,female,39.1,2,no,southwest,14235.07
44,male,30.2,2,yes,southwest,38998.55
28,female,26.3,3,no,northwest,5312.17
54,male,21.0,2,no,southeast,11013.71
26,male,31.1,0,no,northwest,2699.57
38,male,31.0,1,no,southwest,5488.26
35,male,34.8,2,no,northwest,5729.01
18,male,34.1,0,no,southeast,1137.01
24,female,33.3,0,no,northwest,2855.44
24,male,31.1,0,yes,northeast,34254.05
43,female,26.7,2,yes,southwest,22478.6
27,male,30.5,0,no,southwest,2494.02
55,male,35.2,1,no,northeast,11394.07
22,female,30.4,0,yes,northwest,33907.55
35,male,17.9,1,no,northwest,5116.5
47,male,28.2,3,yes,northwest,24915.22
24,female,25.3,0,no,northeast,3044.21
41,male,34.2,1,no,southeast,6289.75
32,female,44.2,0,no,southeast,3994.18
61,female,36.4,1,yes,northeast,48517.56
40,male,34.1,1,no,northeast,6600.21
18,male,30.4,3,no,northeast,3481.87
56,male,33.7,4,no,southeast,12949.16
54,female,23.0,3,no,southwest,12094.48
27,female,24.8,0,yes,southeast,16577.78
26,male,29.5,0,no,northeast,2897.32
19,male,30.6,0,no,northwest,1639.56
29,female,32.1,2,no,northwest,4922.92
53,male,30.5,0,no,northeast,10072.06
63,female,25.1,0,no,northwest,14254.61
62,male,37.4,0,no,southwest,12979.36
34,male,34.7,0,no,northeast,4518.83
34,female,26.4,1,no,northwest,5385.34
19,male,21.8,0,no,northwest,1627.28
20,female,24.4,0,yes,southeast,26125.67
59,male,28.8,0,no,northwest,12129.61
19,male,34.9,0,yes,southwest,34828.65
38,female,40.2,0,no,southeast,5400.98
45,male,22.9,0,yes,northeast,35069.37
28,female,33.1,0,no,southeast,3171.61
19,female,32.5,0,yes,northwest,36898.73
32,male,30.8,3,no,southwest,5253.52
55,female,29.8,0,no,northeast,11286.54
35,female,26.1,0,no,northeast,5227.99
36,male,31.5,0,no,southwest,4402.23
29,female,38.8,3,no,southeast,5138.26
45,male,28.7,2,no,southwest,8027.97
37,female,34.8,2,yes,southwest,39836.52
36,female,22.1,3,no,northeast,7228.22
18,female,37.3,1,no,southeast,2219.45
39,male,45.4,2,no,southeast,6356.27
25,male,26.7,4,no,northwest,4877.98
23,male,26.5,0,no,southeast,1815.88
23,female,28.0,0,no,southwest,13126.68
25,male,26.8,3,no,southwest,3906.13
48,male,29.6,0,no,southwest,21232.18
23,male,37.1,3,no,southwest,3597.6
47,male,28.2,4,no,northeast,10407.09
57,female,38.0,2,no,southwest,12646.21
20,female,37.0,5,no,southwest,4830.63
36,male,30.9,1,no,northwest,5373.36
30,female,20.0,3,no,northwest,5693.43
20,female,31.9,0,no,northwest,2261.57
57,male,40.9,0,no,northeast,11566.3
19,male,25.6,1,no,northwest,2221.56
23,male,32.7,3,no,southwest,3591.48
59,female,32.4,3,no,northeast,14590.63
47,female,26.6,2,no,northeast,9715.84
53,male,20.9,0,yes,southeast,21195.82
48,male,40.2,0,no,southeast,7804.16
20,female,28.8,0,no,northeast,2457.21
28,female,27.5,2,no,southwest,20177.67
18,male,29.4,1,no,southeast,1719.44
27,male,33.7,0,no,southeast,2498.41
52,male,24.3,3,yes,northeast,24869.84
36,female,29.0,4,no,southeast,7243.81
18,male,30.0,1,no,southeast,1720.35
18,male,41.1,0,no,southeast,1146.8
18,male,37.3,0,no,southeast,1141.45
47,female,27.6,2,yes,northwest,24535.7
64,male,25.6,2,no,southwest,14988.43
35,male,24.4,3,yes,southeast,19362.0
23,male,32.6,0,no,southeast,1824.29
49,female,29.9,0,no,northwest,8988.16
53,male,24.3,0,no,northwest,9863.47
20,male,35.6,3,yes,northwest,37465.34
47,male,36.2,0,yes,southeast,41676.08
34,female,38.0,3,no,southwest,6196.45
56,male,33.6,0,yes,northwest,43921.18
44,female,26.4,0,no,northwest,7419.48
62,female,39.2,0,no,southeast,13470.8
59,female,36.8,1,yes,northeast,47896.79
37,female,29.5,2,no,southwest,6311.95
22,male,28.9,0,no,northeast,2250.84
41,female,37.1,2,no,southwest,7371.77
54,male,30.8,1,yes,southeast,41999.52
19,male,30.3,0,yes,southeast,32548.34
19,female,30.6,2,no,northwest,24059.68
42,male,24.9,0,no,southeast,5966.89
49,male,31.4,1,no,northeast,9290.14
42,female,37.9,0,no,southwest,6474.01
52,female,30.9,0,no,northeast,23045.57
62,female,32.7,0,no,northwest,13844.8
39,female,24.2,5,no,northwest,8965.8
33,female,38.9,3,no,southwest,5972.38
18,female,40.2,0,no,northeast,2217.47
43,female,25.1,0,no,northeast,7325.05
23,female,28.1,0,no,northwest,2690.11
47,female,26.1,1,yes,northeast,23401.31
26,male,17.7,0,no,northwest,2680.95
52,male,33.3,0,no,northeast,9722.77
63,female,27.7,0,yes,northeast,29523.17
56,female,25.7,0,no,northwest,11454.02
39,male,35.3,2,yes,southwest,40103.89
59,male,37.1,1,no,southwest,12347.17
24,male,28.5,0,yes,northeast,35147.53
30,male,35.5,0,yes,southeast,36950.26
21,male,29.0,0,no,northwest,1906.36
36,male,28.9,3,no,northeast,6748.59
22,female,21.3,3,no,northwest,4296.27
49,female,27.2,0,no,southeast,8601.33
62,male,30.9,3,yes,northwest,46718.16
47,male,19.2,1,no,northeast,8627.54
41,male,35.8,1,yes,southeast,40273.65
24,female,24.2,0,no,northwest,2842.76
41,female,33.2,3,no,northeast,8538.29
20,male,35.3,1,no,southeast,27724.29
32,female,24.6,0,yes,southwest,17496.31
33,female,32.9,2,no,southwest,5375.04
42,male,31.3,0,no,northwest,6358.78
42,male,37.2,2,no,southeast,7162.01
46,female,27.7,0,no,northwest,8026.67
63,female,23.1,0,no,northeast,14451.84
53,female,28.1,3,no,southwest,11741.73
23,female,31.4,0,yes,southwest,34166.27
38,male,34.7,2,no,southwest,6082.41
61,male,36.1,3,no,southwest,27941.29
52,female,31.7,2,no,northwest,11187.66
62,female,31.7,0,no,northeast,14043.48
60,female,36.0,0,no,northeast,13228.85
26,male,30.0,1,no,southwest,2904.09
47,female,36.0,1,no,southwest,8556.91
21,female,21.9,2,no,southeast,3180.51
22,male,25.2,0,no,northwest,2045.69
31,female,31.1,0,no,northeast,4347.02
51,male,24.8,2,yes,northwest,23967.38
47,female,33.9,3,no,northwest,10115.01
28,female,26.5,2,no,southeast,4340.44
23,female,34.9,0,no,northeast,2899.49
47,female,29.5,1,no,northwest,8930.93
57,male,33.6,1,no,northwest,11945.13
24,male,32.7,0,yes,southwest,34472.84
19,male,22.6,0,no,northwest,1628.47
